filename,chroma_stft,rmse,spectral_centroid,spectral_bandwidth,rolloff,zero_crossing_rate,tempo,mfcc1,mfcc2,mfcc3,mfcc4,mfcc5,mfcc6,mfcc7,mfcc8,mfcc9,mfcc10,mfcc11,mfcc12,mfcc13,mfcc14,mfcc15,mfcc16,mfcc17,mfcc18,mfcc19,mfcc20,label
current_recording.au,0.3957570791244507,0.01052519865334034,2324.9291448428785,2643.2422093830046,5301.142944713864,0.0648816938370743,0.2817923240400068,-350.1001281738281,84.82672119140625,-5.872275352478027,11.372512817382812,-2.5555856227874756,9.033612251281738,8.185667991638184,16.00033950805664,3.419257879257202,8.56740665435791,4.477102279663086,10.12317180633545,8.116811752319336,12.671764373779297,0.06845683604478836,10.303915023803711,3.7231082916259766,4.145009517669678,2.536101818084717,8.832411766052246,test
