filename,chroma_stft,rmse,spectral_centroid,spectral_bandwidth,rolloff,zero_crossing_rate,tempo,mfcc1,mfcc2,mfcc3,mfcc4,mfcc5,mfcc6,mfcc7,mfcc8,mfcc9,mfcc10,mfcc11,mfcc12,mfcc13,mfcc14,mfcc15,mfcc16,mfcc17,mfcc18,mfcc19,mfcc20,label
current_recording.au,0.44656816124916077,0.010264931246638298,2117.369093433385,2758.080115333169,5278.39308227917,0.033356563225619196,0.26322269564666717,-400.2095947265625,88.129150390625,17.461505889892578,21.406539916992188,8.806896209716797,15.587010383605957,6.9352946281433105,10.01468276977539,2.1629507541656494,10.594727516174316,4.665393352508545,7.4229912757873535,0.6297010183334351,6.115398406982422,0.872183620929718,5.946801662445068,-0.7955637574195862,5.2977519035339355,0.4243016541004181,4.769705295562744,test
