filename,chroma_stft,rmse,spectral_centroid,spectral_bandwidth,rolloff,zero_crossing_rate,tempo,mfcc1,mfcc2,mfcc3,mfcc4,mfcc5,mfcc6,mfcc7,mfcc8,mfcc9,mfcc10,mfcc11,mfcc12,mfcc13,mfcc14,mfcc15,mfcc16,mfcc17,mfcc18,mfcc19,mfcc20,label
current_recording.au,0.5735985636711121,0.006862715817987919,2540.5074909713435,3054.397796596032,6558.835339620017,0.033123760400541796,0.31151288646734804,-422.90093994140625,68.77186584472656,13.86911678314209,22.52252960205078,12.570950508117676,18.17720603942871,9.18331527709961,13.151119232177734,5.960169315338135,11.136470794677734,3.3490447998046875,7.3403472900390625,1.0667730569839478,7.815964698791504,3.5366947650909424,9.72342300415039,4.418807029724121,9.071493148803711,3.0197083950042725,7.957459926605225,test
