filename,chroma_stft,rmse,spectral_centroid,spectral_bandwidth,rolloff,zero_crossing_rate,tempo,mfcc1,mfcc2,mfcc3,mfcc4,mfcc5,mfcc6,mfcc7,mfcc8,mfcc9,mfcc10,mfcc11,mfcc12,mfcc13,mfcc14,mfcc15,mfcc16,mfcc17,mfcc18,mfcc19,mfcc20,label
current_recording.au,0.17178232967853546,0.1087859570980072,1039.6234195230538,1422.3030976517862,1838.2138845721265,0.04776879656056501,0.17702998912817056,-270.2648010253906,137.5717315673828,5.658533573150635,42.47748565673828,-7.9488301277160645,9.917952537536621,-6.799089431762695,8.23432731628418,-6.188286304473877,5.467932224273682,-5.434448719024658,-5.186267375946045,-6.990922927856445,-3.236811876296997,-2.00781512260437,4.412518501281738,1.9913103580474854,4.985073089599609,6.582727432250977,-2.42680287361145,test
