filename,chroma_stft,rmse,spectral_centroid,spectral_bandwidth,rolloff,zero_crossing_rate,tempo,mfcc1,mfcc2,mfcc3,mfcc4,mfcc5,mfcc6,mfcc7,mfcc8,mfcc9,mfcc10,mfcc11,mfcc12,mfcc13,mfcc14,mfcc15,mfcc16,mfcc17,mfcc18,mfcc19,mfcc20,label
utils/current_recording.au,0.5776926279067993,0.006479529198259115,2655.3996761346607,3066.39376610248,6621.293295278638,0.0343357712122678,0.29200169161713135,-421.0392761230469,66.85067749023438,14.524182319641113,22.39034080505371,10.580623626708984,20.52019500732422,7.456985950469971,14.383404731750488,5.333129405975342,10.003141403198242,3.9104411602020264,6.182089805603027,1.8485029935836792,7.246394634246826,3.0318210124969482,9.891770362854004,3.488590717315674,9.66355037689209,2.4294557571411133,7.503517150878906,test
