filename,chroma_stft,rmse,spectral_centroid,spectral_bandwidth,rolloff,zero_crossing_rate,tempo,mfcc1,mfcc2,mfcc3,mfcc4,mfcc5,mfcc6,mfcc7,mfcc8,mfcc9,mfcc10,mfcc11,mfcc12,mfcc13,mfcc14,mfcc15,mfcc16,mfcc17,mfcc18,mfcc19,mfcc20,label
../utils/current_recording.au,0.37278491258621216,0.06866328418254852,1191.7538908643633,1724.548758024212,2571.1344527017222,0.038600673616486066,0.09677614541379341,-274.0665283203125,114.73229217529297,6.57367467880249,49.22504425048828,17.694856643676758,14.626245498657227,6.353973865509033,7.386833667755127,0.9521710872650146,0.06671123951673508,0.6429396867752075,1.5282478332519531,-4.409074783325195,-2.805821180343628,-0.7855461835861206,-0.15676988661289215,-3.916041374206543,-1.577651023864746,-1.3405170440673828,5.368913173675537,test
