filename,chroma_stft,rmse,spectral_centroid,spectral_bandwidth,rolloff,zero_crossing_rate,tempo,mfcc1,mfcc2,mfcc3,mfcc4,mfcc5,mfcc6,mfcc7,mfcc8,mfcc9,mfcc10,mfcc11,mfcc12,mfcc13,mfcc14,mfcc15,mfcc16,mfcc17,mfcc18,mfcc19,mfcc20,label
utils/current_recording.au,0.4050661623477936,0.08539366722106934,4168.838398144571,2624.760614541572,7388.7636544903735,0.3025926525009675,0.17111713731753464,-103.27989196777344,1.5997722148895264,-33.17470932006836,24.542884826660156,-1.799897313117981,-8.264970779418945,-10.069585800170898,-1.5765442848205566,4.279848098754883,10.54945182800293,-6.110106468200684,9.207707405090332,-11.172171592712402,14.586304664611816,-1.1155896186828613,0.5552189350128174,2.703359603881836,6.842105865478516,-4.1478590965271,9.833739280700684,test
