filename,chroma_stft,rmse,spectral_centroid,spectral_bandwidth,rolloff,zero_crossing_rate,tempo,mfcc1,mfcc2,mfcc3,mfcc4,mfcc5,mfcc6,mfcc7,mfcc8,mfcc9,mfcc10,mfcc11,mfcc12,mfcc13,mfcc14,mfcc15,mfcc16,mfcc17,mfcc18,mfcc19,mfcc20,label
current_recording.au,0.32328465580940247,0.13958106935024261,2289.8225244711934,2435.7587190222143,4746.421299039764,0.10678053345104489,0.1956180000940028,-113.61650848388672,90.02957153320312,-5.535826683044434,25.5955753326416,2.616612195968628,3.1858084201812744,1.1349040269851685,6.138381004333496,2.802691698074341,-1.865761637687683,-7.130451202392578,-3.4411606788635254,-5.912327766418457,-4.343137741088867,-4.946289539337158,-4.376622200012207,-3.313488721847534,-5.441469192504883,-0.5705595016479492,-2.177703857421875,test
